<?xml version="1.0" encoding="utf-8" ?>
<Defs>

	<TerrainDef>
		<defName>IceST</defName>
		<label>Thin ice (over shallow water)</label>
		<texturePath>Ice_Thin</texturePath>
		<edgeType>FadeRough</edgeType>
		<renderPrecedence>350</renderPrecedence>
		<pathCost>30</pathCost>
		<statBases>
			<Beauty>-1</Beauty>
		</statBases>
		<scatterType>SoftGray</scatterType>
		<affordances>
			<li>Permafrost_Ice</li>
			<li>Bridgeable</li>
		</affordances>
		<fertility>0.00</fertility>
		<takeFootprints>True</takeFootprints>
	</TerrainDef>

	<TerrainDef>
		<defName>IceS</defName>
		<label>Ice (over shallow water)</label>
		<texturePath>Terrain/Surfaces/Ice</texturePath>
		<edgeType>FadeRough</edgeType>
		<renderPrecedence>350</renderPrecedence>
		<pathCost>15</pathCost>
		<statBases>
			<Beauty>-1</Beauty>
		</statBases>
		<scatterType>SoftGray</scatterType>
		<affordances>
			<li>Permafrost_Ice</li>
			<li>Bridgeable</li>
		</affordances>
		<fertility>0.00</fertility>
		<takeFootprints>True</takeFootprints>
	</TerrainDef>

	<TerrainDef>
		<defName>IceDT</defName>
		<label>Thin ice (over deep water)</label>
		<texturePath>Ice_Thin</texturePath>
		<edgeType>FadeRough</edgeType>
		<renderPrecedence>350</renderPrecedence>
		<pathCost>30</pathCost>
		<statBases>
			<Beauty>-1</Beauty>
		</statBases>
		<scatterType>SoftGray</scatterType>
		<affordances>
			<li>Permafrost_Ice</li>
			<li>BridgeableDeep</li>
		</affordances>
		<fertility>0.00</fertility>
		<takeFootprints>True</takeFootprints>
	</TerrainDef>

	<TerrainDef>
		<defName>IceD</defName>
		<label>Ice (over deep water)</label>
		<texturePath>Terrain/Surfaces/Ice</texturePath>
		<edgeType>FadeRough</edgeType>
		<renderPrecedence>350</renderPrecedence>
		<pathCost>15</pathCost>
		<statBases>
			<Beauty>-1</Beauty>
		</statBases>
		<scatterType>SoftGray</scatterType>
		<affordances>
			<li>Permafrost_Ice</li>
			<li>BridgeableDeep</li>
		</affordances>
		<fertility>0.00</fertility>
		<takeFootprints>True</takeFootprints>
	</TerrainDef>

	<TerrainDef>
		<defName>IceSMT</defName>
		<label>Thin ice (over shallow river water)</label>
		<texturePath>Ice_Thin</texturePath>
		<edgeType>FadeRough</edgeType>
		<renderPrecedence>350</renderPrecedence>
		<pathCost>30</pathCost>
		<statBases>
			<Beauty>-1</Beauty>
		</statBases>
		<scatterType>SoftGray</scatterType>
		<affordances>
			<li>Permafrost_Ice</li>
			<li>Bridgeable</li>
		</affordances>
		<fertility>0.00</fertility>
		<takeFootprints>True</takeFootprints>
	</TerrainDef>

	<TerrainDef>
		<defName>IceSM</defName>
		<label>Ice (over shallow river water)</label>
		<texturePath>Terrain/Surfaces/Ice</texturePath>
		<edgeType>FadeRough</edgeType>
		<renderPrecedence>350</renderPrecedence>
		<pathCost>15</pathCost>
		<statBases>
			<Beauty>-1</Beauty>
		</statBases>
		<scatterType>SoftGray</scatterType>
		<affordances>
			<li>Permafrost_Ice</li>
			<li>Bridgeable</li>
		</affordances>
		<fertility>0.00</fertility>
		<takeFootprints>True</takeFootprints>
	</TerrainDef>

	<TerrainDef>
		<defName>IceDMT</defName>
		<label>Thin ice (over deep river water)</label>
		<texturePath>Ice_Thin</texturePath>
		<edgeType>FadeRough</edgeType>
		<renderPrecedence>350</renderPrecedence>
		<pathCost>30</pathCost>
		<statBases>
			<Beauty>-1</Beauty>
		</statBases>
		<scatterType>SoftGray</scatterType>
		<affordances>
			<li>Permafrost_Ice</li>
			<li>Bridgeable</li>
		</affordances>
		<fertility>0.00</fertility>
		<takeFootprints>True</takeFootprints>
	</TerrainDef>

	<TerrainDef>
		<defName>IceDM</defName>
		<label>Ice (over deep river water)</label>
		<texturePath>Terrain/Surfaces/Ice</texturePath>
		<edgeType>FadeRough</edgeType>
		<renderPrecedence>350</renderPrecedence>
		<pathCost>15</pathCost>
		<statBases>
			<Beauty>-1</Beauty>
		</statBases>
		<scatterType>SoftGray</scatterType>
		<affordances>
			<li>Permafrost_Ice</li>
			<li>Bridgeable</li>
		</affordances>
		<fertility>0.00</fertility>
		<takeFootprints>True</takeFootprints>
	</TerrainDef>

	<TerrainDef>
		<defName>IceMarshT</defName>
		<label>Thin ice (over marsh)</label>
		<texturePath>Ice_Thin_Marsh</texturePath>
		<edgeType>FadeRough</edgeType>
		<renderPrecedence>300</renderPrecedence>
		<pathCost>30</pathCost>
		<statBases>
			<Beauty>-1</Beauty>
		</statBases>
		<scatterType>SoftGray</scatterType>
		<affordances>
			<li>Permafrost_Ice</li>
			<li>Bridgeable</li>
		</affordances>
		<fertility>0.00</fertility>
		<takeFootprints>True</takeFootprints>
	</TerrainDef>

	<TerrainDef>
		<defName>IceMarsh</defName>
		<label>Ice (over marsh)</label>
		<texturePath>Terrain/Surfaces/Ice</texturePath>
		<edgeType>FadeRough</edgeType>
		<renderPrecedence>300</renderPrecedence>
		<pathCost>15</pathCost>
		<statBases>
			<Beauty>-1</Beauty>
		</statBases>
		<scatterType>SoftGray</scatterType>
		<affordances>
			<li>Permafrost_Ice</li>
			<li>Bridgeable</li>
		</affordances>
		<fertility>0.00</fertility>
		<takeFootprints>True</takeFootprints>
	</TerrainDef>
	
</Defs>